"SourceAPI_ID","API_Name","API_Category","API_State","Published_RequiredScore","Coverage","Hotel_ID","Gap_or_Prerequisite"
"3","EmailVerification","identity","ENABLED","1","Not mapped; hook unverified","","No verified authoritative hook here for this specific activity. Confirm its successful mutation, eligibility and attribution before mapping."
"4","Login","identity","ENABLED","5;8;15;28;35;50;60;70;80;100;120;140;160;180;205;230;255;280;305;335","Mapped to hotel achievement 1002","1002","API record supplies name, category, state and requiredScore only; it does not define this server fact hook or eligibility semantics."
"6","AvatarLooks","identity","ENABLED","1","Mapped to hotel achievement 1004","1004","API record supplies name, category, state and requiredScore only; it does not define this server fact hook or eligibility semantics."
"8","RoomEntry","explore","ENABLED","5;20;45;80;120;180;250;350;500;700;900;1100;1300;1600;1900;2200;2600;3000;3500;4000","Mapped to hotel achievement 1008","1008","API record supplies name, category, state and requiredScore only; it does not define this server fact hook or eligibility semantics."
"10","HappyHour","identity","ENABLED","1","Not mapped; hook unverified","","No verified authoritative hook here for this specific activity. Confirm its successful mutation, eligibility and attribution before mapping."
"11","RegistrationDuration","identity","ENABLED","1;3;10;20;30;56;84;112;168;224;280;365;548;730;913;1095;1278;1460;1643;1825","Mapped to hotel achievement 1003","1003","API record supplies name, category, state and requiredScore only; it does not define this server fact hook or eligibility semantics."
"14","DailyHotelPresence","identity","ENABLED","","Not mapped","","Published with no levelRequirements in this snapshot; no hotel ID assigned."
"17","RespectEarned","social","ENABLED","1;6;16;66;166;366;566;766;966;1166","Mapped to hotel achievement 1011","1011","API record supplies name, category, state and requiredScore only; it does not define this server fact hook or eligibility semantics."
"18","RespectGiven","social","ENABLED","2;5;10;20;40;70;110;170;250;350;470;610;770;950;1150;1370;1610;1870;2150;2450","Mapped to hotel achievement 1010","1010","API record supplies name, category, state and requiredScore only; it does not define this server fact hook or eligibility semantics."
"19","AllTimeHotelPresence","identity","ENABLED","30;60;120;180;360;720;1440;2160;2880;4320;7200;10080;20160;30240;40320;50400;60480;80640;100800;138240","Mapped to hotel achievement 1001","1001","Map values through the catalog display divisor; durable source intervals are locally recorded in seconds."
"21","TraderPass","identity","ENABLED","1","Not mapped; hook unverified","","No verified authoritative hook here for this specific activity. Confirm its successful mutation, eligibility and attribution before mapping."
"23","PetLover","pets","ENABLED","1;3;5;10;15;25;35;45;60;75","Mapped to hotel achievement 1012","1012","API record supplies name, category, state and requiredScore only; it does not define this server fact hook or eligibility semantics."
"24","PetLevelUp","pets","ENABLED","2;5;10;20;30;50;80;130;200;320","Mapped to hotel achievement 1014","1014","API record supplies name, category, state and requiredScore only; it does not define this server fact hook or eligibility semantics."
"25","PetFeeding","pets","ENABLED","200;600;1400;3000;6200;12600;25400;51000;102200;204600;306900;460350;690525;1035788;1553681;2330522;3495783;5243674;7865511;11798267","Mapped to hotel achievement 1013","1013","API record supplies name, category, state and requiredScore only; it does not define this server fact hook or eligibility semantics."
"26","PetRespectGiver","pets","ENABLED","2;5;10;20;40;70;110;170;250;350;470;610;770;950;1150;1370;1610;1870;2150;2450","Mapped to hotel achievement 1015","1015","API record supplies name, category, state and requiredScore only; it does not define this server fact hook or eligibility semantics."
"27","PetRespectReceiver","pets","ENABLED","3;10;20;40;70;120;200;300;500;750","Mapped to hotel achievement 1016","1016","API record supplies name, category, state and requiredScore only; it does not define this server fact hook or eligibility semantics."
"28","Name","identity","OFF_SEASON","1","Off-season official record; not mapped","","No hotel ID assigned. Event-specific activity is not mapped; a durable eligible event outcome is required before activation."
"29","GiftGiver","social","ENABLED","1;6;14;25;45;80;140;230;350;550;800;1100;1500;2000;2500","Not mapped","","Gift count needs a successful purchase-and-delivery fact attributed to the giver."
"30","GiftReceiver","social","ENABLED","1;5;12;25;45;80;140;230;350;500","Not mapped","","Recipient count needs a successful delivery fact and explicit recipient attribution; opening a present alone is insufficient."
"32","BasicClub","identity","ARCHIVED","0;12;24;36;48","Retired official record","","ARCHIVED record; do not activate. Hotel ID 1006 maps to enabled VipHC (#163) instead."
"33","BattleBallTilesLocked","games","ENABLED","25;65;125;205;335;525;805;1235;1875;2875;4375;6875;10775;17075;27175;43275;69075;110375;176375;282075","Not mapped; hook unverified","","No verified authoritative hook here. Requires a mode-specific completed round/result and eligible-player participation fact; generic room or Wired activity is insufficient."
"34","GameAuthorExperience","room_builder","ENABLED","400;1000;2000;3600;6200;10400;17100;27800;45000;77600;139600;257600;481600;906600;1714600;3250600;6168600;11712600;22245600;42258600","Not mapped; hook unverified","","No verified authoritative hook here for this specific activity. Confirm its successful mutation, eligibility and attribution before mapping."
"35","GamePlayerExperience","games","ENABLED","100;250;480;820;1330;2090;3230;4930;7530;12430;21730;39330;72730;136230;256830;485930;921230;1748230;3319530;6305030","Not mapped; hook unverified","","No verified authoritative hook here. Requires a mode-specific completed round/result and eligible-player participation fact; generic room or Wired activity is insufficient."
"36","EsA","games","ENABLED","2;5;10;18;30;50;80;125;200;300;420;600;900;1500;2500;3700;5400;8000;12000;20000","Not mapped; hook unverified","","No verified authoritative hook here. Requires a mode-specific completed round/result and eligible-player participation fact; generic room or Wired activity is insufficient."
"38","TagB","games","ENABLED","1;4;9;17;29;44;62;87;114;144;186;242;314;402;498;618;754;904;1084;1284","Not mapped; hook unverified","","No verified authoritative hook here. Requires a mode-specific completed round/result and eligible-player participation fact; generic room or Wired activity is insufficient."
"39","TagC","explore","ENABLED","3;8;16;31;51;81;121;171;231;301;381;471;571;681;801;931;1071;1221;1381;1551","Not mapped; hook unverified","","No verified authoritative hook here for this specific activity. Confirm its successful mutation, eligibility and attribution before mapping."
"40","TagA","room_builder","ENABLED","10;20;30;45;60;80;100;125;150;170","Not mapped; hook unverified","","No verified authoritative hook here for this specific activity. Confirm its successful mutation, eligibility and attribution before mapping."
"42","Spr","room_builder","ENABLED","1;3;6;10;15;21;28;36;45;55","Not mapped; hook unverified","","No verified authoritative hook here for this specific activity. Confirm its successful mutation, eligibility and attribution before mapping."
"47","RbTagC","explore","ENABLED","3;8;16;31;51;81;121;171;231;301;381;471;571;681;801;931;1071;1221;1381;1551","Not mapped; hook unverified","","No verified authoritative hook here for this specific activity. Confirm its successful mutation, eligibility and attribution before mapping."
"48","RbTagA","room_builder","ENABLED","10;20;30;45;60;80;100;125;150;170","Not mapped; hook unverified","","No verified authoritative hook here for this specific activity. Confirm its successful mutation, eligibility and attribution before mapping."
"50","RoomDecoFurniCount","room_builder","ENABLED","10;12;15;19;24;30;40;50;60;70;85;100;120;140;170;200;240;280;330;380","Not mapped; hook unverified","","No verified authoritative hook here for this specific activity. Confirm its successful mutation, eligibility and attribution before mapping."
"51","RoomDecoFurniTypeCount","room_builder","ENABLED","10;12;14;19;24;29;39;49;59;74;89;104;124;144;174;204;244;284;334;384","Not mapped; hook unverified","","No verified authoritative hook here for this specific activity. Confirm its successful mutation, eligibility and attribution before mapping."
"52","RoomDecoHosting","room_builder","ENABLED","5;10;20;40;90;180;350;750;1600;3500;7500;15000;35000;75000;150000;500000;1500000;5000000;15000000;30000000","Not mapped; hook unverified","","No verified authoritative hook here for this specific activity. Confirm its successful mutation, eligibility and attribution before mapping."
"53","RoomDecoFloor","room_builder","ENABLED","3;5;7;12;17;22;27;32;37;47;57;67;77;97;117;137;167;197;237;287","Not mapped; hook unverified","","No verified authoritative hook here for this specific activity. Confirm its successful mutation, eligibility and attribution before mapping."
"54","RoomDecoLandscape","room_builder","ENABLED","3;5;7;12;17;22;27;32;37;47;57;67;77;97;117;137;167;197;237;287","Not mapped; hook unverified","","No verified authoritative hook here for this specific activity. Confirm its successful mutation, eligibility and attribution before mapping."
"55","RoomDecoWallpaper","room_builder","ENABLED","3;5;7;12;17;22;27;32;37;47;57;67;77;97;117;137;167;197;237;287","Not mapped; hook unverified","","No verified authoritative hook here for this specific activity. Confirm its successful mutation, eligibility and attribution before mapping."
"56","RbBunnyTag","room_builder","ENABLED","10;20;30;45;60;80;100;125;150;170","Not mapped; hook unverified","","No verified authoritative hook here for this specific activity. Confirm its successful mutation, eligibility and attribution before mapping."
"57","NotesLeft","social","ENABLED","2;7;17;37;77;137;227;347;507;707;1107;1707;2707;4307;6907;11107;17907;28907;46707;76707","Not mapped; hook unverified","","No verified authoritative hook here for this specific activity. Confirm its successful mutation, eligibility and attribution before mapping."
"58","NotesReceived","social","ENABLED","2;7;17;37;77;137;227;347;507;707;1107;1707;2707;4307;6907;11107;17907;28907;46707;76707","Not mapped; hook unverified","","No verified authoritative hook here for this specific activity. Confirm its successful mutation, eligibility and attribution before mapping."
"59","MusicPlayer","explore","ENABLED","5;105;305;605;1005;1505;2105;2805;3605;4605;6605;9605;13605;18605;24605;31605;39605;49605;64605;94605","Not mapped; hook unverified","","No verified authoritative hook here for this specific activity. Confirm its successful mutation, eligibility and attribution before mapping."
"60","MusicCollector","explore","ENABLED","2;5;9;14;20;27;35;44;54;69","Not mapped; hook unverified","","No verified authoritative hook here for this specific activity. Confirm its successful mutation, eligibility and attribution before mapping."
"62","SkateBoardJump","games","OFF_SEASON","5;13;25;45;75;120;185;300;475;750;1125;1675;2500;3750;5600;8750;13500;20000;30000;50000","Off-season official record; not mapped","","No hotel ID assigned. Event-specific activity is not mapped; a durable eligible event outcome is required before activation."
"63","SkateBoardSlide","games","OFF_SEASON","20;50;100;180;300;480;750;1200;1900;3000;4500;6700;10000;15000;22500;35000;54000;80000;120000;200000","Off-season official record; not mapped","","No hotel ID assigned. Event-specific activity is not mapped; a durable eligible event outcome is required before activation."
"64","BattleBallQuestCompleted","games","ENABLED","3;5;7;10;13;16;19;20;21;22","Not mapped; hook unverified","","No verified authoritative hook here. Requires a mode-specific completed round/result and eligible-player participation fact; generic room or Wired activity is insufficient."
"65","FreezeQuestCompleted","games","ARCHIVED","3;5;8;10;16;19;22;25;28;29","Archived official record; not mapped","","No hotel ID assigned. Do not activate an archived record without confirming its current product status, assets and authoritative source."
"66","BadMonkeyLevelUp","pets","ARCHIVED","1;2;3;4;5;6;7;8;9;10","Archived official record; not mapped","","No hotel ID assigned. Do not activate an archived record without confirming its current product status, assets and authoritative source."
"67","BattleBallWinner","games","ENABLED","50;125;240;410;665;1045;1615;2465;3765;6215;10865;19665;36365;68115;128415;242965;460615;874115;1659765;3152515","Not mapped; hook unverified","","No verified authoritative hook here. Requires a mode-specific completed round/result and eligible-player participation fact; generic room or Wired activity is insufficient."
"68","BattleBallPlayer","games","ENABLED","50;125;240;410;665;1045;1615;2465;3765;6215;10865;19665;36365;68115;128415;242965;460615;874115;1659765;3152515","Not mapped; hook unverified","","No verified authoritative hook here. Requires a mode-specific completed round/result and eligible-player participation fact; generic room or Wired activity is insufficient."
"69","FreezeWinner","games","ENABLED","50;125;240;410;665;1045;1615;2465;3765;6215;10865;19665;36365;68115;128415;242965;460615;874115;1659765;3152515","Not mapped; hook unverified","","No verified authoritative hook here. Requires a mode-specific completed round/result and eligible-player participation fact; generic room or Wired activity is insufficient."
"70","FreezePlayer","games","ENABLED","50;125;240;410;665;1045;1615;2465;3765;6215;10865;19665;36365;68115;128415;242965;460615;874115;1659765;3152515","Not mapped; hook unverified","","No verified authoritative hook here. Requires a mode-specific completed round/result and eligible-player participation fact; generic room or Wired activity is insufficient."
"71","FreezePowerUp","games","ENABLED","100;300;600;1000;1500;2100;2900;3900;5200;6800;8800;11200;14100;17600;22100;28100;36100;48100;66100;96100","Not mapped; hook unverified","","No verified authoritative hook here. Requires a mode-specific completed round/result and eligible-player participation fact; generic room or Wired activity is insufficient."
"72","RoomDecoHoleFurniCount","room_builder","ENABLED","10;20;30;45;60;80;100;125;150;170","Not mapped; hook unverified","","No verified authoritative hook here for this specific activity. Confirm its successful mutation, eligibility and attribution before mapping."
"74","SnowWarTotalScore","games","ENABLED","10;55;200;560;1240;2360;4050;6500;10000;15000;20000;25000;30000;35000;40000;47000;54000;61000;68000;75000;87000;99000;111000;123000;135000;156000;177000;198000;219000;240000","Not mapped; hook unverified","","No verified authoritative hook here. Requires a mode-specific completed round/result and eligible-player participation fact; generic room or Wired activity is insufficient."
"75","snowBoardBuild","room_builder","ENABLED","16;36;64;100;160","Not mapped; hook unverified","","No verified authoritative hook here for this specific activity. Confirm its successful mutation, eligibility and attribution before mapping."
"76","SnowWarWeeklyTopTen","games","ENABLED","1;2;3;4;5;6;7;8;9;10","Not mapped; hook unverified","","No verified authoritative hook here. Requires a mode-specific completed round/result and eligible-player participation fact; generic room or Wired activity is insufficient."
"77","SnowWarWeeklyBest","games","ENABLED","1;2;3;4;5;6;7;8;9;10","Not mapped; hook unverified","","No verified authoritative hook here. Requires a mode-specific completed round/result and eligible-player participation fact; generic room or Wired activity is insufficient."
"79","RoomHorseJumpCount","pets","ENABLED","250;2750;7750;17750;37750","Not mapped; hook unverified","","No verified authoritative hook here for this specific species/activity. Confirm the successful mutation, eligibility and attribution before mapping."
"80","HorseJumping","pets","ENABLED","50;300;950;2500;6000","Not mapped; hook unverified","","No verified authoritative hook here for this specific species/activity. Confirm the successful mutation, eligibility and attribution before mapping."
"81","HorseConsecutiveJumpsCount","pets","ENABLED","6;7;8;9;10;11;12;13;14;15;17;19;21;23;25;27;29;31;33;35","Not mapped; hook unverified","","No verified authoritative hook here for this specific species/activity. Confirm the successful mutation, eligibility and attribution before mapping."
"82","HorseRent","pets","ENABLED","4;12;28;60;124;252;508;1020;2044;4092","Not mapped; hook unverified","","No verified authoritative hook here for this specific species/activity. Confirm the successful mutation, eligibility and attribution before mapping."
"101","MonsterPlantTreater","pets","ENABLED","5;30;130;380;1380","Not mapped; hook unverified","","No verified authoritative hook here for this specific species/activity. Confirm the successful mutation, eligibility and attribution before mapping."
"102","MonsterPlantBreeder","pets","ENABLED","5;30;130;380;1380;2880;4880;7380;10380;13880","Not mapped; hook unverified","","No verified authoritative hook here for this specific species/activity. Confirm the successful mutation, eligibility and attribution before mapping."
"104","MonsterPlantQuestCompleted","pets","ARCHIVED","3;6;9;12;15;18;21;24;27;30","Archived official record; not mapped","","No hotel ID assigned. Do not activate an archived record without confirming its current product status, assets and authoritative source."
"112","MonsterPlantShapeCollector","pets","ENABLED","2;3;4;5;6;7;8;9;10;11","Not mapped; hook unverified","","No verified authoritative hook here for this specific species/activity. Confirm the successful mutation, eligibility and attribution before mapping."
"113","MonsterPlantColorCollector","pets","ENABLED","2;3;4;5;6;7;8;9;10;11","Not mapped; hook unverified","","No verified authoritative hook here for this specific species/activity. Confirm the successful mutation, eligibility and attribution before mapping."
"114","MonsterPlantHealer","pets","ENABLED","5;30;100;500;2000","Not mapped; hook unverified","","No verified authoritative hook here for this specific species/activity. Confirm the successful mutation, eligibility and attribution before mapping."
"115","MonsterPlantGardenOfDeath","pets","ENABLED","5;30;100;500;2000","Not mapped; hook unverified","","No verified authoritative hook here for this specific species/activity. Confirm the successful mutation, eligibility and attribution before mapping."
"116","MonsterPlantUnluckyGardener","pets","ENABLED","3;10;40;100;500","Not mapped; hook unverified","","No verified authoritative hook here for this specific species/activity. Confirm the successful mutation, eligibility and attribution before mapping."
"125","SafetyQuizGraduate","identity","ARCHIVED","1","Archived official record; not mapped","","No hotel ID assigned. Do not activate an archived record without confirming its current product status, assets and authoritative source."
"127","FootballGoalScored","games","ENABLED","1;10;100;1000;10000","Not mapped; hook unverified","","No verified authoritative hook here. Requires a mode-specific completed round/result and eligible-player participation fact; generic room or Wired activity is insufficient."
"128","FootballGoalScoredInRoom","games","ENABLED","1;20;400;8000;160000","Not mapped; hook unverified","","No verified authoritative hook here. Requires a mode-specific completed round/result and eligible-player participation fact; generic room or Wired activity is insufficient."
"129","RoomCompetitionVoter","explore","ARCHIVED","3;6;12;18;24;36;48;60;72;84","Archived official record; not mapped","","No hotel ID assigned. Do not activate an archived record without confirming its current product status, assets and authoritative source."
"142","FriendListSize","social","ENABLED","2;10;30;60;100;200;300;400;500;600;700;800;900;1000;1100","Not mapped; hook unverified","","No verified authoritative hook here for this specific activity. Confirm its successful mutation, eligibility and attribution before mapping."
"143","Citizenship","identity","ARCHIVED","1","Archived official record; not mapped","","No hotel ID assigned. Do not activate an archived record without confirming its current product status, assets and authoritative source."
"153","TerrierBreeder","pets","ENABLED","2;4;6;8;10;12;14;16;18;19","Not mapped; hook unverified","","No verified authoritative hook here for this specific species/activity. Confirm the successful mutation, eligibility and attribution before mapping."
"154","BearBreeder","pets","ENABLED","2;4;6;8;10;12;14;16;18;20","Not mapped; hook unverified","","No verified authoritative hook here for this specific species/activity. Confirm the successful mutation, eligibility and attribution before mapping."
"163","VipHC","identity","ENABLED","0;12;24;36;48","Mapped to hotel achievement 1006","1006","Published requirements are months; server club packet convention uses 31 days per month. Hotel source eligibility still gates level 1 although the published threshold is 0."
"184","PinataWhacker","crackables","ENABLED","1;5;25;50;100;200;400;800;1600;3200","Not mapped; hook unverified","","No verified authoritative hook here for this specific activity. Confirm its successful mutation, eligibility and attribution before mapping."
"185","PinataBreaker","crackables","ENABLED","1;2;4;8;16","Not mapped; hook unverified","","No verified authoritative hook here for this specific activity. Confirm its successful mutation, eligibility and attribution before mapping."
"191","StoryChallengeChampion","games","ARCHIVED","1;2;3;4;5;6;7;8;9;10;13;16;19;22;25;30;35;40;45;50","Archived official record; not mapped","","No hotel ID assigned. Do not activate an archived record without confirming its current product status, assets and authoritative source."
"195","BuildersClub","identity","ENABLED","1;31;62;124;248;372;620;868;1240;1612;1984","Not mapped; hook unverified","","No verified authoritative hook here for this specific activity. Confirm its successful mutation, eligibility and attribution before mapping."
"196","RoomDecoBC","room_builder","ENABLED","3;5;8;16;32;64;125;250;500;1000;2000;4000;8000;16000;33000;66000;100000;300000;500000;1000000","Not mapped; hook unverified","","No verified authoritative hook here for this specific activity. Confirm its successful mutation, eligibility and attribution before mapping."
"197","GnomeFeeding","pets","ENABLED","200;600;1400;3000;6000;12400;25400;51000;102200;204600","Not mapped; hook unverified","","No verified authoritative hook here for this specific species/activity. Confirm the successful mutation, eligibility and attribution before mapping."
"198","GnomeLevelUp","pets","ENABLED","1;3;5;7;9;11;13;15;17;20","Not mapped; hook unverified","","No verified authoritative hook here for this specific species/activity. Confirm the successful mutation, eligibility and attribution before mapping."
"199","GnomeRespectGiver","pets","ENABLED","3;10;20;40;70;120;200;300;500;750","Not mapped; hook unverified","","No verified authoritative hook here for this specific species/activity. Confirm the successful mutation, eligibility and attribution before mapping."
"200","LeprechaunFeeding","pets","ENABLED","200;600;1400;3000;6000;12400;25400;51000;102200;204600","Not mapped; hook unverified","","No verified authoritative hook here for this specific species/activity. Confirm the successful mutation, eligibility and attribution before mapping."
"201","LeprechaunRespectGiver","pets","ENABLED","3;10;20;40;70;120;200;300;500;750","Not mapped; hook unverified","","No verified authoritative hook here for this specific species/activity. Confirm the successful mutation, eligibility and attribution before mapping."
"202","LeprechaunLevelUp","pets","ENABLED","1;5;10;20;30;50;80;130;200;350","Not mapped; hook unverified","","No verified authoritative hook here for this specific species/activity. Confirm the successful mutation, eligibility and attribution before mapping."
"204","ViciousViking","explore","ENABLED","1;5;10;20;40;80;160;250;350;600","Not mapped; hook unverified","","No verified authoritative hook here for this specific activity. Confirm its successful mutation, eligibility and attribution before mapping."
"206","SelfModDoorModeSeen","explore","ENABLED","1","Not mapped; hook unverified","","No verified authoritative hook here for this specific activity. Confirm its successful mutation, eligibility and attribution before mapping."
"215","SelfModForumCanReadSeen","explore","ARCHIVED","1","Archived official record; not mapped","","No hotel ID assigned. Do not activate an archived record without confirming its current product status, assets and authoritative source."
"216","SelfModForumCanPostSeen","explore","ARCHIVED","1","Archived official record; not mapped","","No hotel ID assigned. Do not activate an archived record without confirming its current product status, assets and authoritative source."
"217","SelfModForumCanPostThrdSeen","explore","ARCHIVED","1","Archived official record; not mapped","","No hotel ID assigned. Do not activate an archived record without confirming its current product status, assets and authoritative source."
"218","SelfModForumCanModerateSeen","explore","ARCHIVED","1","Archived official record; not mapped","","No hotel ID assigned. Do not activate an archived record without confirming its current product status, assets and authoritative source."
"219","DogBreeder","pets","ENABLED","2;4;6;8;10;12;14;16;18;19","Not mapped; hook unverified","","No verified authoritative hook here for this specific species/activity. Confirm the successful mutation, eligibility and attribution before mapping."
"220","CatBreeder","pets","ENABLED","2;4;6;8;10;12;14;16;18;19","Not mapped; hook unverified","","No verified authoritative hook here for this specific species/activity. Confirm the successful mutation, eligibility and attribution before mapping."
"221","PigBreeder","pets","ENABLED","2;4;6;8;10;12;14;16;18;19","Not mapped; hook unverified","","No verified authoritative hook here for this specific species/activity. Confirm the successful mutation, eligibility and attribution before mapping."
"222","HaloompaFeeding","pets","ENABLED","200;600;1400;3000;6000;12400;25400;51000;102200;204600","Not mapped; hook unverified","","No verified authoritative hook here for this specific species/activity. Confirm the successful mutation, eligibility and attribution before mapping."
"223","HaloompaRespectGiver","pets","ENABLED","3;10;20;40;70;120;200;300;500;750","Not mapped; hook unverified","","No verified authoritative hook here for this specific species/activity. Confirm the successful mutation, eligibility and attribution before mapping."
"224","HaloompaLevelUp","pets","ENABLED","1;2;3;5;8;10;12;14;17;20","Not mapped; hook unverified","","No verified authoritative hook here for this specific species/activity. Confirm the successful mutation, eligibility and attribution before mapping."
"226","CameraPhotoCount","explore","ENABLED","1;5;15;30;50;100;200;400;800;1600","Not mapped; hook unverified","","No verified authoritative hook here for this specific activity. Confirm its successful mutation, eligibility and attribution before mapping."
"231","Atcg","crafting","ENABLED","1;3;6;18;38;76;152;200;300;400;500;600;700;800;900;1000;1200;1400;1700;2000","Not mapped; hook unverified","","No verified authoritative hook here for this specific activity. Confirm its successful mutation, eligibility and attribution before mapping."
"232","AtcgSecret","crafting","ENABLED","1;5;15;38","Not mapped; hook unverified","","No verified authoritative hook here for this specific activity. Confirm its successful mutation, eligibility and attribution before mapping."
"236","Horticulturist","crackables","ENABLED","1;2;4;8;16;40;50;60;70;80","Not mapped; hook unverified","","No verified authoritative hook here for this specific activity. Confirm its successful mutation, eligibility and attribution before mapping."
"237","Jogger","explore","ENABLED","1;10;30;60;120;240;600;1200;2400;4800","Not mapped; hook unverified","","No verified authoritative hook here for this specific activity. Confirm its successful mutation, eligibility and attribution before mapping."
"238","Trampolinist","explore","ENABLED","1;10;30;60;120;240;600;1200;2400;4800","Not mapped; hook unverified","","No verified authoritative hook here for this specific activity. Confirm its successful mutation, eligibility and attribution before mapping."
"239","CrossTrainer","explore","ENABLED","1;10;30;60;120;240;600;1200;2400;4800","Not mapped; hook unverified","","No verified authoritative hook here for this specific activity. Confirm its successful mutation, eligibility and attribution before mapping."
"240","GhostHunter","crackables","ENABLED","1;5;10;20;40;60;80;100;120;140","Not mapped; hook unverified","","No verified authoritative hook here for this specific activity. Confirm its successful mutation, eligibility and attribution before mapping."
"241","CreatureRearer","crackables","ENABLED","2;4;6;8;10;12;14;16;18;20","Not mapped; hook unverified","","No verified authoritative hook here for this specific activity. Confirm its successful mutation, eligibility and attribution before mapping."
"242","Farmer","crackables","ENABLED","1;5;10;20;40;60;80;100;120;140","Not mapped; hook unverified","","No verified authoritative hook here for this specific activity. Confirm its successful mutation, eligibility and attribution before mapping."
"243","Chef","crafting","ENABLED","1;5;10;20;40;60;80;100;120;140","Not mapped; hook unverified","","No verified authoritative hook here for this specific activity. Confirm its successful mutation, eligibility and attribution before mapping."
"244","Restorer","crackables","ENABLED","2;4;6;8;10","Not mapped; hook unverified","","No verified authoritative hook here for this specific activity. Confirm its successful mutation, eligibility and attribution before mapping."
"246","bazaar17","crafting","ENABLED","1;5;10;20;40;60;80;100;120;140","Not mapped; hook unverified","","No verified authoritative hook here for this specific activity. Confirm its successful mutation, eligibility and attribution before mapping."
"247","flamingknight","crackables","ENABLED","2;4;6;8;10","Not mapped; hook unverified","","No verified authoritative hook here for this specific activity. Confirm its successful mutation, eligibility and attribution before mapping."
"248","victailor","crafting","ENABLED","2;4;6;8;10;12;14;16;18;20","Not mapped; hook unverified","","No verified authoritative hook here for this specific activity. Confirm its successful mutation, eligibility and attribution before mapping."
"250","AdvancedHorticulturist","crackables","ENABLED","1;5;10;20;30;40;50;60;70;80","Not mapped; hook unverified","","No verified authoritative hook here for this specific activity. Confirm its successful mutation, eligibility and attribution before mapping."
"251","ffusion","crafting","ENABLED","1;2;3;4;5","Not mapped; hook unverified","","No verified authoritative hook here for this specific activity. Confirm its successful mutation, eligibility and attribution before mapping."
"253","Tokyo","crafting","ENABLED","2;4;6;8;10;12;14;16;18;20","Not mapped; hook unverified","","No verified authoritative hook here for this specific activity. Confirm its successful mutation, eligibility and attribution before mapping."
"254","InfectedLab","crackables","ENABLED","2;4;6;8;10;12;14;16;18;20","Not mapped; hook unverified","","No verified authoritative hook here for this specific activity. Confirm its successful mutation, eligibility and attribution before mapping."
"256","wintercity","crafting","ENABLED","2;4;6;8;10;12;14;16;18;20","Not mapped; hook unverified","","No verified authoritative hook here for this specific activity. Confirm its successful mutation, eligibility and attribution before mapping."
"257","EasterCreatures","crackables","ENABLED","2;4;6;8;10;12;14;16;18;20","Not mapped; hook unverified","","No verified authoritative hook here for this specific activity. Confirm its successful mutation, eligibility and attribution before mapping."
"258","Festival","crafting","ENABLED","2;4;6;8;10;12;14;16;18;20","Not mapped; hook unverified","","No verified authoritative hook here for this specific activity. Confirm its successful mutation, eligibility and attribution before mapping."
"259","Suncity","crafting","ENABLED","2;4;6;8;10;12;14;16;18;20","Not mapped; hook unverified","","No verified authoritative hook here for this specific activity. Confirm its successful mutation, eligibility and attribution before mapping."
"260","WitchesCoven","crafting","ENABLED","2;4;6;8;10;12;14;16;18;20","Not mapped; hook unverified","","No verified authoritative hook here for this specific activity. Confirm its successful mutation, eligibility and attribution before mapping."
"263","Xmascrystal","crafting","ENABLED","2;4;6;8;10;12;14;16;18;20","Not mapped; hook unverified","","No verified authoritative hook here for this specific activity. Confirm its successful mutation, eligibility and attribution before mapping."
"282","Profile1","identity","ENABLED","1","Not mapped; hook unverified","","No verified authoritative hook here for this specific activity. Confirm its successful mutation, eligibility and attribution before mapping."
"283","Profile2","identity","ENABLED","1","Not mapped; hook unverified","","No verified authoritative hook here for this specific activity. Confirm its successful mutation, eligibility and attribution before mapping."
"286","Profile_Gimmegimme_","identity","ENABLED","2;4;6;9;14;20;30;45;60;80;100;125;160;210;280;365;460;580;730;910","Not mapped; hook unverified","","No verified authoritative hook here for this specific activity. Confirm its successful mutation, eligibility and attribution before mapping."
"288","Profile_Pantheon_","identity","ENABLED","1000;2000;3000;4000;5000;6000;7000;8000;9000;10000;11000;12000;13000;14000;15000;16000;17000;18000;19000;20000","Not mapped; hook unverified","","No verified authoritative hook here for this specific activity. Confirm its successful mutation, eligibility and attribution before mapping."
"289","HC","identity","ENABLED","14;360;720;1080;1440","Mapped to hotel achievement 1007","1007","Keep published requiredScore sequence exactly; the API does not define fact collection or reducer semantics."
"290","HabboBuilder_TSale_","explore","ENABLED","2;6;15;50;200","Not mapped","","Not the hotel floor-height criterion; do not map by similar label alone."
"291","HabboExplorer","explore","ENABLED","1","Mapped to hotel achievement 1009","1009","API record supplies name, category, state and requiredScore only; it does not define this server fact hook or eligibility semantics."
"293","SnowStormWin_","games","ENABLED","5;25;100;400;1000;2000;4000;6000;8000;10000","Not mapped; hook unverified","","No verified authoritative hook here. Requires a mode-specific completed round/result and eligible-player participation fact; generic room or Wired activity is insufficient."
"294","SnowStormHit_","games","ENABLED","5;50;500;5000;15000;30000;60000;100000;150000;200000","Not mapped; hook unverified","","No verified authoritative hook here. Requires a mode-specific completed round/result and eligible-player participation fact; generic room or Wired activity is insufficient."
"295","SnowStormThrow_","games","ENABLED","5;50;500;5000;15000;30000;60000;100000;150000;200000","Not mapped; hook unverified","","No verified authoritative hook here. Requires a mode-specific completed round/result and eligible-player participation fact; generic room or Wired activity is insufficient."
"296","HabboBuilder_LDesign_","explore","ARCHIVED","3;10;20;35;60;90;140;210;300;500","Archived official record; not mapped","","Archived design-specific record; not the hotel floor-height criterion."
"297","HabboBuilder_MDesign_","explore","ARCHIVED","2;6;12;25;50","Archived official record; not mapped","","Archived design-specific record; not the hotel floor-height criterion."
"298","FairPlay","identity","ENABLED","1","Not mapped; hook unverified","","No verified authoritative hook here for this specific activity. Confirm its successful mutation, eligibility and attribution before mapping."
"301","HweenTombsCrackable","crackables","ENABLED","2;4;6;8;10;12;14;16;18;20","Not mapped; hook unverified","","No verified authoritative hook here for this specific activity. Confirm its successful mutation, eligibility and attribution before mapping."
"302","NFTRelicMintCount","collectibles","ENABLED","1;2;4;10;20;50;75;100;150;250","Not mapped; hook unverified","","No verified authoritative hook here for this specific activity. Confirm its successful mutation, eligibility and attribution before mapping."
"303","ChatStyleOwner","identity","ENABLED","1;2;4;6;8;10;13;16;20;25","Not mapped; hook unverified","","No verified authoritative hook here for this specific activity. Confirm its successful mutation, eligibility and attribution before mapping."
"304","TradeCount","explore","ENABLED","5;10;20;50;100;200;500;1000;2000;5000","Not mapped; hook unverified","","No verified authoritative hook here for this specific activity. Confirm its successful mutation, eligibility and attribution before mapping."
"305","CollectiblesTraded","collectibles","ENABLED","5;10;20;50;100;200;500;1000;2000;5000","Not mapped; hook unverified","","No verified authoritative hook here for this specific activity. Confirm its successful mutation, eligibility and attribution before mapping."
"306","CoinValueTraded","explore","ENABLED","10;50;250;750;2250;5500;11000;22000;39600;55400;77600;100900;131000;164000;204000;245000;295000;354000;425000;510000","Not mapped; hook unverified","","No verified authoritative hook here for this specific activity. Confirm its successful mutation, eligibility and attribution before mapping."
"307","SilverTraded","collectibles","ENABLED","5;10;20;50;100;200;500;1000;2000;5000","Not mapped; hook unverified","","No verified authoritative hook here for this specific activity. Confirm its successful mutation, eligibility and attribution before mapping."
"308","PlaceCreditValue","room_builder","ENABLED","1;5;10;50;100;200;500;1000;2000;5000;10000;15000;20000;25000;50000","Not mapped; hook unverified","","No verified authoritative hook here for this specific activity. Confirm its successful mutation, eligibility and attribution before mapping."
"309","TimeSpentRoomTypeChat","explore","ENABLED","15;30;60;120;180;360;720;1440;2160;2880;4320;7200;10080;20160;30240","Not mapped; hook unverified","","No verified authoritative hook here for this specific activity. Confirm its successful mutation, eligibility and attribution before mapping."
"310","TimeSpentRoomTypeTrade","explore","ENABLED","15;30;60;120;180;360;720;1440;2160;2880;4320;7200;10080;20160;30240","Not mapped; hook unverified","","No verified authoritative hook here for this specific activity. Confirm its successful mutation, eligibility and attribution before mapping."
"311","TimeSpentRoomTypeRPG","explore","ENABLED","15;30;60;120;180;360;720;1440;2160;2880;4320;7200;10080;20160;30240","Not mapped; hook unverified","","No verified authoritative hook here for this specific activity. Confirm its successful mutation, eligibility and attribution before mapping."
"312","TimeSpentRoomTypeGames","explore","ENABLED","15;30;60;120;180;360;720;1440;2160;2880;4320;7200;10080;20160;30240","Not mapped; hook unverified","","No verified authoritative hook here for this specific activity. Confirm its successful mutation, eligibility and attribution before mapping."
"313","DailyTasksCompleted","explore","ENABLED","3;6;10;25;45;70;100;150;205;270;370;520;720;950;1250;1650;2150;2750;3500;4500","Not mapped; hook unverified","","No verified authoritative hook here for this specific activity. Confirm its successful mutation, eligibility and attribution before mapping."
"314","DailyTaskStreakDays","explore","ENABLED","1;2;3;5;7;9;11;14;17;20;24;28;32;36;40","Not mapped; hook unverified","","No verified authoritative hook here for this specific activity. Confirm its successful mutation, eligibility and attribution before mapping."
"315","LegDay","explore","ENABLED","75;150;250;450;700;1100;1800;3000;4800;7800;12500;20500;33500;54500;88500;144000;233500;379500;616000;1000000","Not mapped; hook unverified","","No verified authoritative hook here for this specific activity. Confirm its successful mutation, eligibility and attribution before mapping."
"316","RecycledItems","explore","ENABLED","5;10;20;30;50;75;100;150;200;300;500;750;1000;1500;2000;3000;5000;7500;5000;10000","Not mapped; hook unverified","","No verified authoritative hook here for this specific activity. Confirm its successful mutation, eligibility and attribution before mapping."
"317","RecyclerGrandPrize","explore","ENABLED","1;2;3;4;5","Not mapped; hook unverified","","No verified authoritative hook here for this specific activity. Confirm its successful mutation, eligibility and attribution before mapping."
"318","RecyclerRarePrize","explore","ENABLED","1;3;7;12;20;30;45;60;80;100","Not mapped; hook unverified","","No verified authoritative hook here for this specific activity. Confirm its successful mutation, eligibility and attribution before mapping."
"319","RecycleBoxOpener","explore","ENABLED","1;10;25;50;100;150;250;350;600;1000","Not mapped; hook unverified","","No verified authoritative hook here for this specific activity. Confirm its successful mutation, eligibility and attribution before mapping."
"320","RecycleEcoprizes","explore","ENABLED","1;10;25;50;100;150;250;350;600;1000","Not mapped; hook unverified","","No verified authoritative hook here for this specific activity. Confirm its successful mutation, eligibility and attribution before mapping."
"321","LTDPurchaser","explore","ENABLED","1;2;4;7;10;15;20;25;30;40","Not mapped; hook unverified","","No verified authoritative hook here for this specific activity. Confirm its successful mutation, eligibility and attribution before mapping."
"322","LTDEarlyBird","explore","ENABLED","1;2;3;4;5;6;7;8;9;10","Not mapped; hook unverified","","No verified authoritative hook here for this specific activity. Confirm its successful mutation, eligibility and attribution before mapping."
"328","GamerPaycheck","games","ENABLED","8;10;20;40;80;160;320;640;1280;2560","Not mapped; hook unverified","","No verified authoritative hook here. Requires a mode-specific completed round/result and eligible-player participation fact; generic room or Wired activity is insufficient."
"329","FurniOrganizer","room_builder","ENABLED","1;2;4;7;10","Not mapped; hook unverified","","No verified authoritative hook here for this specific activity. Confirm its successful mutation, eligibility and attribution before mapping."
"330","MoneyPrinter","room_builder","ENABLED","1;5;10;25;50","Not mapped; hook unverified","","No verified authoritative hook here for this specific activity. Confirm its successful mutation, eligibility and attribution before mapping."
"331","HabbiconUsed","explore","ENABLED","1;10;25;40;75;100;150;200;300;500","Not mapped; hook unverified","","No verified authoritative hook here for this specific activity. Confirm its successful mutation, eligibility and attribution before mapping."
"332","HabbiconCollected","explore","ENABLED","1;2;4;7;10;15;20;25;30;35;40;45;50;55;60;65;70;80;90;100","Not mapped; hook unverified","","No verified authoritative hook here for this specific activity. Confirm its successful mutation, eligibility and attribution before mapping."
"333","HabbiconCollectionComp","explore","ENABLED","1;2;3;4;5;6;7;8;9;10","Not mapped; hook unverified","","No verified authoritative hook here for this specific activity. Confirm its successful mutation, eligibility and attribution before mapping."
"334","RewardTracksCompleted","explore","ENABLED","1;2;3;4;5;6;7;8;9;10","Not mapped; hook unverified","","No verified authoritative hook here for this specific activity. Confirm its successful mutation, eligibility and attribution before mapping."
"","Motto","identity","HOTEL_EXTENSION","","Hotel extension; API record absent","1005","Successful persisted motto changes are locally defined; no official API threshold or category record."
"","FloorHeights","room_builder","HOTEL_EXTENSION","","Hotel extension; API record absent; disabled","1017","Distinct walkable heights in owned room models; disabled because required hotel badge assets are unavailable. API HabboBuilder design records are not equivalent."
"","RoomRank","room_builder","HOTEL_EXTENSION","","Hotel extension; API record absent; enabled","1018","Positive-vote eligible room ranking is locally defined; no official API threshold, category or qualifying rule."
